run_name,test_loss,test_acc,test_precision,test_recall,test_f1,test_auc
V3_TEST_Stability_layer33_mean,1.5006476044654846,0.4889112903225806,0.47783251231527096,0.60625,0.5344352617079889,0.5068216959635417
V3_TEST_Stability_layer33_mean,1.3953073024749756,0.48588709677419356,0.4721189591078067,0.5291666666666667,0.49901768172888017,0.503472900390625
