run_name,test_loss,test_acc,test_precision,test_recall,test_f1,test_auc
Stability_layer11_mean,2.338865714017735,0.5003438359589898,0.49195244773074964,0.9971253229974161,0.6588483865460133,0.6798632188492153
Stability_layer22_mean,2.027762829795364,0.48807514378594646,0.4858947963978689,0.9986111111111111,0.6537123767034222,0.6961049728495946
