run_name,test_loss,test_acc,test_precision,test_recall,test_f1,test_auc
V3_TEST_Stability_layer33_mean,4.166429801604917,0.560480655450944,0.5253832422385395,0.9485911749069644,0.6762314206194113,0.5944027305281593
V3_TEST_Stability_layer33_mean,4.186265117293476,0.5634807326233472,0.5271731508750175,0.9492690058479533,0.6778851857651988,0.58577977203246
V3_TEST_Stability_layer33_mean_gene_aware_evaluation,-,0.5637552029136317,0.5272528339523495,0.9521236559139785,0.6786776716981313,0.5858808599889505
V3_t6_8m_Stability_layer33_mean,1.6285559768770255,0.5218320595954917,0.5095127931550978,0.9660801820728291,0.6671625851345361,0.7239457439483066
V3_t6_8m_Stability_layer33_mean_gene_aware_evaluation,-,0.5221663903854123,0.5095683241973376,0.9785244360902255,0.670153192584964,0.7402833860352304
V3_t6_8m_OrganismalFitness_layer33_mean,2.4743317943630796,0.49606299212598426,0.49606299212598426,1.0,0.6631578947368421,0.6524905143429868
V3_t6_8m_OrganismalFitness_layer33_mean_gene_aware_evaluation,-,0.49606299212598426,0.49606299212598426,1.0,0.6631578947368421,0.6540520171961494
V3_t6_8m_Activity_layer33_mean,2.4945403933525085,0.49606299212598426,0.49606299212598426,1.0,0.6631578947368421,0.5444317015390547
V3_t6_8m_Activity_layer33_mean_gene_aware_evaluation,-,0.49606299212598426,0.49606299212598426,1.0,0.6631578947368421,0.5444317015390547
